ISI_lower_bound_sec,ISI_upper_bound_sec,Frequency
1e-06,1.1768119524349991e-06,0
1.1768119524349991e-06,1.3848863713938717e-06,0
1.3848863713938717e-06,1.6297508346206435e-06,0
1.6297508346206435e-06,1.917910261672489e-06,0
1.917910261672489e-06,2.2570197196339214e-06,0
2.2570197196339214e-06,2.656087782946684e-06,0
2.656087782946684e-06,3.1257158496882352e-06,0
3.1257158496882352e-06,3.6783797718286343e-06,0
3.6783797718286343e-06,4.328761281083061e-06,0
4.328761281083061e-06,5.0941380148163755e-06,0
5.0941380148163755e-06,5.994842503189409e-06,0
5.994842503189409e-06,7.0548023107186455e-06,0
7.0548023107186455e-06,8.302175681319735e-06,0
8.302175681319735e-06,9.770099572992246e-06,0
9.770099572992246e-06,1.1497569953977357e-05,0
1.1497569953977357e-05,1.3530477745798076e-05,0
1.3530477745798076e-05,1.5922827933410938e-05,0
1.5922827933410938e-05,1.873817422860383e-05,0
1.873817422860383e-05,2.2051307399030455e-05,0
2.2051307399030455e-05,2.5950242113997373e-05,0
2.5950242113997373e-05,3.053855508833412e-05,0
3.053855508833412e-05,3.5938136638046256e-05,49313
3.5938136638046256e-05,4.229242874389499e-05,0
4.229242874389499e-05,4.977023564332114e-05,0
4.977023564332114e-05,5.857020818056661e-05,0
5.857020818056661e-05,6.892612104349695e-05,14884
6.892612104349695e-05,8.111308307896872e-05,0
8.111308307896872e-05,9.545484566618328e-05,0
9.545484566618328e-05,0.00011233240329780277,4817
0.00011233240329780277,0.00013219411484660288,0
0.00013219411484660288,0.00015556761439304722,2437
0.00015556761439304722,0.0001830738280295368,2724
0.0001830738280295368,0.00021544346900318823,4592
0.00021544346900318823,0.00025353644939701115,7685
0.00025353644939701115,0.0002983647240283337,10901
0.0002983647240283337,0.0003511191734215131,27614
0.0003511191734215131,0.00041320124001153346,24547
0.00041320124001153346,0.00048626015800653534,18943
0.00048626015800653534,0.0005722367659350214,20632
0.0005722367659350214,0.0006734150657750821,16018
0.0006734150657750821,0.0007924828983539169,15948
0.0007924828983539169,0.0009326033468832199,23678
0.0009326033468832199,0.0010974987654930556,36235
0.0010974987654930556,0.001291549665014884,117875
0.001291549665014884,0.0015199110829529332,233760
0.0015199110829529332,0.001788649529057435,380121
0.001788649529057435,0.00210490414451202,651742
0.00210490414451202,0.0024770763559917087,947280
0.0024770763559917087,0.002915053062825176,1456696
0.002915053062825176,0.0034304692863149156,4227753
0.0034304692863149156,0.004037017258596553,5288966
0.004037017258596553,0.004750810162102793,5088528
0.004750810162102793,0.005590810182512223,4884224
0.005590810182512223,0.006579332246575676,4150677
0.006579332246575676,0.007742636826811269,3557062
0.007742636826811269,0.009111627561154887,3151205
0.009111627561154887,0.010722672220103232,2867001
0.010722672220103232,0.012618568830660211,2694906
0.012618568830660211,0.014849682622544635,2536685
0.014849682622544635,0.017475284000076828,2429090
0.017475284000076828,0.020565123083486514,2321038
0.020565123083486514,0.024201282647943835,2250238
0.024201282647943835,0.02848035868435799,2110954
0.02848035868435799,0.03351602650938841,2033947
0.03351602650938841,0.03944206059437656,1978908
0.03944206059437656,0.046415888336127725,1907116
0.046415888336127725,0.05462277217684337,1831912
0.05462277217684337,0.06428073117284319,1780552
0.06428073117284319,0.07564633275546291,1726367
0.07564633275546291,0.08902150854450375,1669979
0.08902150854450375,0.1047615752789664,1615885
0.1047615752789664,0.12328467394420659,1585182
0.12328467394420659,0.145082877849594,1565276
0.145082877849594,0.17073526474706888,1558101
0.17073526474706888,0.2009233002565046,1571603
0.2009233002565046,0.23644894126454072,1602497
0.23644894126454072,0.2782559402207126,1633449
0.2782559402207126,0.3274549162877725,1640402
0.3274549162877725,0.38535285937105274,1645672
0.38535285937105274,0.4534878508128582,1628453
0.4534878508128582,0.5336699231206302,1579901
0.5336699231206302,0.6280291441834247,1477213
0.6280291441834247,0.7390722033525775,1344536
0.7390722033525775,0.8697490026177834,1198110
0.8697490026177834,1.0235310218990248,1058788
1.0235310218990248,1.2045035402587811,931634
1.2045035402587811,1.4174741629268048,836072
1.4174741629268048,1.6681005372000592,732265
1.6681005372000592,1.9630406500402684,648290
1.9630406500402684,2.310129700083158,575158
2.310129700083158,2.71858824273294,520821
2.71858824273294,3.1992671377973845,458746
3.1992671377973845,3.7649358067924634,399040
3.7649358067924634,4.430621457583878,338089
4.430621457583878,5.214008287999684,277113
5.214008287999684,6.135907273413163,227302
6.135907273413163,7.220809018385457,191402
7.220809018385457,8.497534359086439,157390
8.497534359086439,10.0,122909
